household_id,district,hh_size,monthly_income,has_electricity,survey_date
1001,North Hills,4,320,yes,2026-03-02
1002,North Hills,6,210,no,2026-03-02
1003,North Hills,3,450,Yes,2026-03-03
1004,North Hills,5,-99,no,2026-03-03
1005,North Hills,2,380,yes,2026-03-04
1006,North Hills,7,190,No,2026-03-04
1007,Riverside,4,520,yes,2026-03-05
1008,Riverside,3,610,yes,2026-03-05
1009,Riverside,5,480,YES,2026-03-06
1010,Riverside,2,,yes,2026-03-06
1011,Riverside,6,350,no,2026-03-07
1012,Riverside,4,575,yes,2026-03-07
1012,Riverside,4,575,yes,2026-03-07
1013,Lakeview,5,280,no,2026-03-09
1014,Lakeview,8,240,no,2026-03-09
1015,Lakeview,3,330,yes,2026-03-10
1016,Lakeview,4,-99,no,2026-03-10
1017,Lakeview,6,260,No,2026-03-11
1018,Lakeview,2,410,yes,2026-03-11
1019,Central,3,890,yes,2026-03-12
1020,Central,4,760,yes,2026-03-12
1021,Central,2,1020,yes,2026-03-13
1022,Central,5,680,Yes,2026-03-13
1023,Central,3,,yes,2026-03-14
1024,Central,4,840,yes,2026-03-14
1025,Eastfield,6,300,no,2026-03-16
1026,Eastfield,5,360,yes,2026-03-16
1027,Eastfield,4,420,yes,2026-03-17
1028,Eastfield,7,230,no,2026-03-17
1029,Eastfield,3,390,yes,2026-03-18
1030,Eastfield,5,-99,no,2026-03-18
